"text";"url";"categories"
"LOW←TECH MAGAZINE"; "https://solar.lowtechmagazine.com/"; ""
"anarchaserver"; "https://anarchaserver.org/"; ""
"anarchaserver"; "https://anarchaserver.org/?utm_source=substack&utm_medium=email"; ""
"L’éco-design : design de l’environnement ou design du milieu ?"; "https://www.cairn.info/revue-sciences-du-design-2015-2-page-31.htm"; ""
"La guerre de l’attention: comment ne pas la perdre"; "https://www.lechappee.org/collections/pour-en-finir-avec/la-guerre-de-attention"; ""
"Le numérique doit prendre sa place dans le débat public"; "https://www.youtube.com/watch?v=LGEJ70bjQLM"; ""
"Le numérique doit prendre sa place dans le débat public"; "https://youtu.be/LGEJ70bjQLM"; ""
"Le portail d’information sur l’accessibilité"; "https://access-i.be/a-propos"; ""
"Le Sabot - Art et littérature de Sabotage"; "https://le-sabot.fr/"; ""
"Les « néopronoms » - quand la sémantique s’ouvre à l’expression d’une identité queer plurielle"; "https://usbeketrica.com/fr/article/les-neopronoms-quand-on-passe-de-la-performance-sociale-a-l-expression-de-son-identite-intime"; ""
"Les communs"; "https://lescommuns.org/"; ""
"Les Communs d’Abord"; "https://www.les-communs-dabord.org/"; ""
"Les dark patterns ou l’art de tromper l’utilisateur"; "https://la-rem.eu/2021/12/les-dark-patterns-ou-lart-de-tromper-lutilisateur/"; ""
"Les sous-communs, planification fugitive et étude noire"; "https://brook.pm/harney-moten-sous-communs.html"; ""
"Patterns"; "https://www.w3.org/WAI/ARIA/apg/patterns/"; ""
"Pour une écologie de l’attention"; "https://www.seuil.com/ouvrage/pour-une-ecologie-de-l-attention-yves-citton/9782021181425"; ""
"Libre comme l’air, libre comme l’eau, libre comme la connaissance"; "https://www.cairn.info/libres-enfants-du-savoir-numerique--9782841620432-page-31.htm"; ""
"Liquider l’utilisateur"; "https://revue-teque.fr/catalogue/teque-1"; ""
"Accessibility resources, guides, communities, and more"; "https://getstark.co/library"; ""
"An interview with Donna Haraway"; "https://lareviewofbooks.org/article/making-kin-an-interview-with-donna-haraway/"; ""
"Minimal Internet Experience"; "https://minimal.aupya.org/"; ""
"Navigation au clavier versus navigation avec un lecteur d’écran"; "https://access42.net/navigation-au-clavier-versus-navigation-avec-un-lecteur-decran"; ""
"One and many mirrors: perspectives on graphic design education"; "https://occasionalpapers.org/product/one-and-many-mirrors/"; ""
"Open design. Fabrication numérique et mouvement maker"; "https://editions-b42.com/produit/open-design/"; ""
"Origens Media Lab"; "https://origensmedialab.org/"; ""
"Panser le design graphique : courtes fictions dessinant une piste d’atterrissage"; "http://depot.esad-gv.fr/pdf/panser_le_design_graphique_SDD10_2019.pdf"; ""
"Pas d’internet féministe sans serveurs féministes"; "https://pantherepremiere.org/texte/pas-dinternet-feministe-sans-serveurs-feministes/"; ""
"postcapitalist.design"; "https://postcapitalist.design/"; ""
"Pour une ethnographie des réseaux sans fil communautaires"; "https://www.revue-urbanites.fr/pour-une-ethnographie-des-reseaux-sans-fil-communautaires-implementer-des-technologies-decentralisees-pour-agir-contre-la-crise-a-detroit/"; ""
"Que veut dire non-binarité ou non-binaire ?"; "https://tetu.com/2021/07/14/journee-internationale-non-binarite-que-veut-dire-bases-definition-personne-non-binaire/"; ""
"Randoma11y"; "https://randoma11y.com/"; ""
"Référentiel général d’amélioration de l’accessibilité – RGAA Version 4.1"; "https://www.numerique.gouv.fr/publications/rgaa-accessibilite/"; ""
"Sagesse des lianes: Cosmopoétique du refuge, 1"; "https://www.post-editions.fr/SAGESSE-DES-LIANES.html"; ""
"Technologies partout, démocratie nulle part: plaidoyer pour que les choix technologiques deviennent l’affaire de tous"; "https://boutique.fypeditions.com/products/echnologies-partout-democratie-nulle-part-plaidoyer-pour-que-les-choix-technologiques-deviennent-l-affaire-de-tous"; ""
"The Commotion Wireless Project"; "https://www.commotionwireless.net/"; ""
"The User Condition"; "https://theusercondition.computer/"; ""
"Théorie du nudge"; "https://fr.wikipedia.org/w/index.php?title=Th%C3%A9orie_du_nudge&oldid=169316139"; ""
"Typo-postbinaire"; "http://typo-postbinaire.net/"; ""
"Un syndicat logiciel, pour qui ?"; "https://thx.zoethical.org/pub/presence-solidaire"; ""
"Une écologie décoloniale. Penser l’écologie depuis le monde caribéen"; "https://www.seuil.com/ouvrage/une-ecologie-decoloniale-malcom-ferdinand/9782021388497"; ""
"Women in Type. Rediscovering women’s contribution to type history."; "https://www.women-in-type.com/"; ""
"UX & genre, guide pratique pour une communication inclusive"; "https://uxetgenre.ch/"; ""
"Video Realistic Avatars"; "https://www.synthesia.io/features/avatars"; ""
"Un nouveau sens"; "https://www.cnap.fr/%C2%AB-accelerer-le-futur-post-travail-post-capitalisme-%C2%BB-de-nick-srnicek-alex-williams"; ""
"Votre attention, s’il vous plaît ! Quels leviers face à l’économie de l’attention ?"; "https://cnnumerique.fr/nos-travaux/votre-attention-sil-vous-plait-quels-leviers-face-leconomie-de-lattention"; ""
"Ecologies du smartphone"; "https://www.editionsbdl.com/produit/ecologies-du-smartphone/"; ""
"Abondance et liberté"; "https://www.editionsladecouverte.fr/abondance_et_liberte-9782348046780"; ""
"Assembl"; "https://www.bluenove.com/offres/assembl/"; ""
"Beatriz da Costa"; "https://nideffer.net/shaniweb/pigeonblog.php"; ""
"Data Colonialism: Rethinking Big Data’s Relation to the Contemporary Subject"; "https://doi.org/10.1177/1527476418796632"; ""
"De l’enfermement au tracing numérique, évolution de la privation de liberté"; "https://www.pointculture.be/magazine/articles/podcast/punch-saison-6-episode-4-christophe-mincke/"; ""
"EcoInfo – Pour une informatique éco-responsable"; "https://ecoinfo.cnrs.fr/"; ""
"Explore Popular Debates, Discussions and Critical Thinking…"; "https://www.kialo.com/"; ""
"Génération Lumière – Pour une citoyenneté responsable et agissante"; "https://generationlumiere.fr/"; ""
"Graphisme x intersections. Voix intersectionnelles, féministes, décoloniales dans le champ du design graphique"; "https://www.lorainefurter.net/en/home/_side/_published/section-loraine_REVUE_LSD_OABC.pdf"; ""
"Le code fait loi - De la liberté dans le cyberespace"; "https://ateliertemeraireshop.bigcartel.com/product/1"; ""
"Le design au service de la démocratie"; "https://thomas-thibault.fr/le-design-au-service-de-la-democratie/"; ""
"Pænser ensemble"; "https://thx.zoethical.org/pub/presence-solidaire"; ""
"A pluriverse of local worlds: a review of Computing within Limits related terminology and practices"; "https://computingwithinlimits.org/2021/papers/limits21-devalk.pdf"; ""
"Cargo cult technologique sur le plateau de Saclay. Un écoquartier zombie au service de la démesure."; "http://www.revue-fig.fr/numero/7/techno7/"; ""
"La fresque du renoncement"; "https://lafresquedurenoncement.xyz/"; ""
"Licoornes"; "https://www.licoornes.coop/"; ""
"Master of Science: Stratégie & Design pour l’Anthropocène"; "https://strategy-design-anthropocene.org/fr/msc-strategy-and-design-for-the-anthropocene"; ""
"On se lève et on se casse"; "https://onseleveetonsecasse.fr/"; ""
"Permacomputing"; "http://viznut.fi/texts-en/permacomputing.html"; ""
"Pragmatisme et transaction. La perspective de John Dewey"; "https://www.cairn.info/revue-pensee-plurielle-2013-2-page-73.htm"; ""
"Quelle(s) technologie(s) pour présever le vivant ? Regards queers & cyberféministes"; "https://mouton-numerique.org/perspectives-queers-et-cyberfeminises-sur-les-technologies/"; ""
"Timothée Parrique"; "https://timotheeparrique.com/"; ""
"Tony Fry : « Notre espèce est l’agent responsable de l’insoutenabilité »"; "https://www.horizonspublics.fr/environnement/tony-fry-notre-espece-est-lagent-responsable-de-linsoutenabilite"; ""
"Valeo Car Lab, un espace d’innovation « corporate » centré sur les usages"; "https://www.cairn.info/revue-entreprendre-et-innover-2016-4-page-47.htm"; ""
"Vers une technologie libératrice"; "https://fr.theanarchistlibrary.org/library/murray-bookchin-vers-une-technologie-liberatrice.a4.pdf"; ""
"Contre-vents: colères, espoirs, écologies et politiques dans l’Ouest de la France"; "https://www.lespressesdureel.com/ouvrage.php?id=9124"; ""
"Failing queerly"; "https://spectorbooks.com/glossary-of-undisciplined-design"; ""
"Action Médias Jeunes"; "https://www.actionmediasjeunes.be/"; ""
"Association d’action et de réflexion autour de l’audiovisuel"; "https://gsara.be/"; ""
"Belgian Institute for a Sustainable IT"; "https://isit-be.org/"; ""
"Centre Socialiste d’Education Permanente"; "https://www.cesep.be/"; ""
"Claire Williams, Design Textile"; "http://www.xxx-clairewilliams-xxx.com/"; ""
"Cobea, coopérative bruxelloise de création de sites web."; "https://cobea.coop/"; ""
"Code du Numérique"; "https://codedunumerique.be/"; ""
"Collectif formation société"; "https://ep.cfsasbl.be/spip.php?page=agenda"; ""
"Constant, association d’artistes autogérés active dans les domaines de l’art, des médias et de la technologie."; "https://constantvzw.org/site/"; ""
"Coopcity, centre dédié à l’entrepreneuriat social, collaboratif et coopératif à Bruxelles."; "https://coopcity.be/"; ""
"D-E-A-L, Design studio"; "https://d-e-a-l.eu/work/"; ""
"Culture & Démocratie"; "https://www.cultureetdemocratie.be/"; ""
"Domainepublic, hébergeur indépendant et autogéré"; "https://www.domainepublic.net/"; ""
"European Digital Rights (EDRi)"; "https://edri.org/"; ""
"Fablab iMAL"; "https://fablab.imal.org/#!/"; ""
"FTU - Association pour une Fondation Travail-Université asbl"; "http://www.ftu.be/"; ""
"Gender Fluid"; "http://genderfluid.space/"; ""
"Julien Dutertre"; "http://juliendutertre.com/"; ""
"L’Atelier Paysan"; "https://www.latelierpaysan.org/"; ""
"La Concertation ASBL"; "https://www.laconcertation-asbl.org/accueil/"; ""
"La maison du livre"; "https://www.lamaisondulivre.be/"; ""
"La Revue nouvelle"; "https://www.revuenouvelle.be/"; ""
"Le Travail social en lutte"; "https://travailsocialenlutte.collectifs.net/"; ""
"Les librairies indépendantes"; "https://www.leslibrairiesindependantes.be/"; ""
"Levv"; "https://levv.io/"; ""
"Libre Objet"; "http://libreobjet.org/about.html"; ""
"Naviguer librement en Belgique"; "https://cartementale.auxportesdulibre.be/"; ""
"Nubo, coopérative pour mail et cloud."; "https://nubo.coop/fr/"; ""
"Olivier Bertrand, pages & typography"; "http://olivierbertrand.com/index.html"; ""
"OSP (Open Source Publishing)"; "http://osp.kitchen/"; ""
"PointCulture"; "https://www.pointculture.be/"; ""
"Présence et Action Culturelles"; "https://www.pac-g.be/"; ""
"Réseau des Arts à Bruxelles (RAB / BKO)"; "https://rabbko.be/fr/"; ""
"SAW-B, fédération d’économie sociale"; "https://saw-b.be/"; ""
"Sebastião Salgado_Photos de la mine d’or la plus grande et la plus dangereuse du Brésil"; "https://publicdelivery.org/sebastiao-salgado-serra-pelada-gold-mine-brazil/"; ""
"Stéphanie Vilayphiou : Designer textile"; "https://greenfabric.be/stephanie-vilayphiou/"; ""
"The Commotion Wireless Project"; "https://www.commotionwireless.net/"; ""
"(Re)Building Technology - Build-it-ourselves Community Networks"; "https://communitytechnology.github.io/"; ""
"Autogestion. L’Encyclopédie internationale"; "https://www.syllepse.net/autogestion-l-encyclopedie-internationale-_r_76_i_648.html"; ""
"Building A Local Network With LoRaWAN"; "https://hackaday.com/2022/10/22/building-a-local-network-with-lorawan/"; ""
"deuxfleurs"; "https://deuxfleurs.fr/"; ""
"L’Atelier Paysan"; "https://www.latelierpaysan.org/"; ""
"#2 / Pour une ethnographie des réseaux sans fil communautaires: Implémenter des technologies décentralisées pour agir contre la crise à Détroit : Urbanités"; "https://www.revue-urbanites.fr/pour-une-ethnographie-des-reseaux-sans-fil-communautaires-implementer-des-technologies-decentralisees-pour-agir-contre-la-crise-a-detroit/"; ""
"Entreprécariat_silvio-lorusso_eng_lo.pdf"; "https://silviolorusso.com/wordpress/wp-content/uploads/2019/10/ENTREPRECARIAT_silvio-lorusso_eng_lo.pdf"; ""
"Le meilleur suffit, une histoire des coopératives de consommateurs d’avant-hier à demain"; "https://vimeo.com/354528252?embedded=true&source=vimeo_logo&owner=3888130"; ""
"Entreprécariat : de l’entrepreneuriat à la précarité, les deux faces d’un même modèle"; "https://www.internetactu.net/2019/12/03/entreprecariat-de-lentrepreneuriat-a-la-precarite-les-deux-faces-dun-meme-modele/"; ""
"Annuaire de l’Economie Sociale en Belgique"; "https://annuaire.economiesociale.be/"; ""
"Annuaire de l’écomie sociale en France"; "https://carteco-ess.org/annuaire#/carte/@47.11,3.58,6z?cat=all"; ""
"A complete guide to accessible front-end components"; "https://www.smashingmagazine.com/2021/03/complete-guide-accessible-front-end-components/"; ""
"A Designer’s code of ethics"; "https://deardesignstudent.com/a-designers-code-of-ethics-f4a88aca9e95"; ""
"A guide for shifting thoughts ..."; "https://explorer.designcriticalthinking.com/"; ""
"Accessibilité et couleurs : outils et ressources pour concevoir des produits accessible"; "https://stephaniewalter.design/fr/blog/accessibilite-et-couleurs-outils-et-ressources-pour-concevoir-des-produits-accessible/"; ""
"Analyse de cycle de vie de la messagerie Treebal"; "https://gauthierroussilhe.com/book/treebal/"; ""
"ARIA Authoring Practices Guide"; "https://www.w3.org/WAI/ARIA/apg/"; ""
"Automatically convert audio to text"; "https://sonix.ai/r/e3WEY89NefAeNKU3a35BawKZ/share"; ""
"Bases de l’accessibilité du gaming"; "https://docs.microsoft.com/fr-fr/learn/paths/gaming-accessibility-fundamentals/"; ""
"Belgian web accessibility office"; "https://accessibility.belgium.be/fr"; ""
"Buckminster Fuller Institute"; "https://www.bfi.org/"; ""
"Building for sustainability with WordPress"; "https://sustywp.com/"; ""
"Check-list de qualité Web"; "https://checklists.opquast.com/fr/assurance-qualite-web/"; ""
"Cold cms"; "https://gitlab.com/hashbangfr/coldcms"; ""
"Collectif Accessibilité Wallonie Bruxelles"; "https://cawab.be/"; ""
"Colloque international “Design social, les nouvelles formes de convivialité”"; "https://www.esad-valenciennes-recherche.com/textes"; ""
"Comment créer un site web basse technologie"; "https://solar.lowtechmagazine.com/fr/2018/09/how-to-build-a-lowtech-website.html"; ""
"comment l’atteindre l’accessibilité numérique ?"; "https://www.youtube.com/watch?v=fkTF0sbNvjY"; ""
"Comment le handicap inspire-t-il l’innovation ?"; "https://peertube.designersethiques.org/videos/watch/984ab1e3-d9eb-4fd7-bf7c-ce856b61d036"; ""
"Comment réduire l’empreinte écologique d’un service numérique ?"; "https://marmelab.com//blog/2022/03/02/reduire-impact-site-web.html"; ""
"Design Accessible"; "https://design-accessible.fr/"; ""
"Design systémique"; "https://medium.com/la-boussole-des-designers/design-syst%C3%A9mique-579a35674628"; ""
"Documenter l’accessibilité en phase de design"; "https://stephaniewalter.design/fr/blog/documenter-accessibilite-en-phase-de-design/"; ""
"Écrire pour ne pas être lu"; "https://plumeswithattitude.substack.com/p/crire-pour-ne-pas-tre-lu"; ""
"Écriture inclusive et accessibilité numérique, table ronde lors des Journées d’étude technologies et déficience visuelle"; "https://www.lalutineduweb.fr/ecriture-inclusive-accessibilite-numerique-jetdv2020/"; ""
"Enorme retard de la Belgique dans l’accessibilité numérique des personnes porteuses d’un handicap"; "https://www.rtbf.be/article/enorme-retard-de-la-belgique-dans-laccessibilite-numerique-des-personnes-porteuses-dun-handicap-10801866"; ""
"Environnement et design - Rosa B - 5° numéro"; "http://www.rosab.net/"; ""
"Ethical Design Resources"; "https://www.ethicaldesignresources.com/"; ""
"Ethics for Design"; "https://vimeo.com/235547814"; ""
"EyeView : l’application de la Fédération des Aveugles de France"; "https://aveuglesdefrance.org/eyeview-lapplication-de-la-federation-des-aveugles-de-france/"; ""
"Formation en accessibilité numérique"; "https://www.anysurfer.be/fr/services/formation"; ""
"Gauthier Roussilhe"; "https://gauthierroussilhe.com/post/besoins-essentiels-tech.html"; ""
"Le guide d’éco-conception de services numériques"; "https://eco-conception.designersethiques.org/guide/"; ""
"Le Mouton Numérique"; "https://mouton-numerique.org/"; ""
"Les écologies du numérique - conférence filmée"; "https://ecolab-esad-orleans.wixsite.com/recherche/video"; ""
"Les exclu.e.s du numérique"; "https://jeudi.am/journal/blog/designer-des-services-web-et-mobiles-accessibles-et-inclusifs"; ""
"Mais où va le Web"; "https://maisouvaleweb.fr/"; ""
"Monitoring the Planet’s Pulse — Resource Watch"; "https://resourcewatch.org/"; ""
"Novembre 2020 - Veille - Les Designers Éthiques"; "https://veille.designersethiques.org/2020-11.html"; ""
"Papanek Foundation"; "https://papanek.org/"; ""
"PeerTube des Designers Ethiques"; "https://peertube.designersethiques.org/videos/trending"; ""
"Practice Tools and Toolkits"; "https://systemic-design.org/practice-tools-and-toolkits/"; ""
"S’y retrouver dans les mesures de la consommation d’un site web - Version 1"; "https://www.lewebvert.fr/blog/2022-02-22-mesures-web-v1/"; ""
"Stewart Brand"; "https://fr.wikipedia.org/w/index.php?title=Stewart_Brand&oldid=188382757"; ""
"Tomás Maldonado - Wikipedia"; "https://fr.abcdef.wiki/wiki/Tom%C3%A1s_Maldonado"; ""
"Txti - Fast web pages for everybody"; "http://txti.es/"; ""
"What Are the Greenest Programming Languages?"; "https://medium.com/codex/what-are-the-greenest-programming-languages-e738774b1957"; ""
"Explorer les écosystème numériques possibles dans un monde soutenable."; "https://gauthierroussilhe.com/"; ""
"L’open source, contributeur d’un numérique plus soutenable"; "https://richardhanna.dev/blog/2021/open-source-et-numerique-soutenable.html"; ""
"Communs et capitalisme numérique : histoire d’un antagonisme et de quelques affinités électives"; "https://journals.openedition.org/terminal/7595"; ""
"L’anti-recette des biens communs"; "https://www.cairn.info/revue-vacarme-2013-2-page-1.htm"; ""
"L’Entraide, un facteur de l’évolution"; "https://fr.wikipedia.org/w/index.php?title=L%27Entraide,_un_facteur_de_l%27%C3%A9volution&oldid=189102547"; ""
"design↔commun"; "https://designcommun.fr/"; ""
"Conférence sur les Communs de la Connaissance de Lionel MAUREL"; "https://www.youtube.com/watch?v=8XwtrRfJ4Dk"; ""
"Face au tout-numérique, se réapproprier les technologies"; "https://www.ritimo.org/Low-tech-face-au-tout-numerique-se-reapproprier-les-technologies-8264"; ""
"Gouvernance Partagée, Faire ensemble autrement"; "https://universite-du-nous.org/"; ""
"Juristes Embarqués, démarche de créativité réglementaire autour des lieux créateurs de communs."; "https://www.la27eregion.fr/9261-2/"; ""
"Attention et abondance informationnelle dans les nouveaux modes de travail"; "https://issuu.com/laroque.mellie/docs/publication__issuu"; ""
"Behavior Design Lab"; "https://behaviordesign.stanford.edu/"; ""
"Captologie, attention & design persuasif"; "https://attention.designersethiques.org/"; ""
"DarkPattern.games"; "https://www.darkpattern.games/"; ""
"Dopamine"; "https://www.arte.tv/fr/videos/RC-017841/dopamine/"; ""
"How better tech could protect us from distraction"; "https://www.ted.com/talks/tristan_harris_how_better_tech_could_protect_us_from_distraction"; ""
"La Guerre de l’attention"; "https://www.lechappee.org/collections/pour-en-finir-avec/la-guerre-de-attention"; ""
"Le grand jeu des biais"; "https://www.youtube.com/watch?v=PeowY-vucWk"; ""
"Le design par les extrêmes users ou comment le handicap inspire l’innovation - Simon Houriez - Ethics by design"; "https://peertube.designersethiques.org/videos/watch/b4e43cdc-b051-4f5c-a612-20d32438ed6c"; ""
"The Dirty Secret of SSDs: Embodied Carbon"; "http://arxiv.org/abs/2207.10793"; ""
"Ignore Data Center Water Consumption at Your Own Peril"; "https://journal.uptimeinstitute.com/dont-ignore-water-consumption/"; ""
"How Much Energy Do Data Centers Really Use?"; "https://energyinnovation.org/2020/03/17/how-much-energy-do-data-centers-really-use/"; ""
"En pleine pénurie d’eau, les Pays-Bas découvrent la consommation dantesque des data centers de Microsoft"; "https://www.clubic.com/pro/entreprises/microsoft/actualite-434481-en-pleine-penurie-d-eau-les-pays-bas-en-decouvrent-la-consommation-dantesque-des-data-centers-de-microsoft.html"; ""
"Empreinte carbone du cloud : Amazon, Microsoft et Google ont-ils la tête dans les nuages ?"; "https://www.carbone4.com/analyse-empreinte-carbone-du-cloud"; ""
"Silicon Valley and the Environmental Costs of AI"; "https://www.perc.org.uk/project_posts/silicon-valley-and-the-environmental-costs-of-ai/"; ""
"United States Data Center Energy Usage Report"; "http://www.osti.gov/servlets/purl/1372902/"; ""
"Ranking programming languages by energy efficiency"; "https://linkinghub.elsevier.com/retrieve/pii/S0167642321000022"; ""
"Sources of data center energy estimates: A comprehensive review"; "https://linkinghub.elsevier.com/retrieve/pii/S2542435122003580"; ""
"Data centre water consumption"; "https://www.nature.com/articles/s41545-021-00101-w"; ""
"Reliability and energy efficiency in cloud computing systems: Survey and taxonomy"; "https://linkinghub.elsevier.com/retrieve/pii/S1084804516301746"; ""
"Recalibrating global data center energy-use estimates"; "https://www.sciencemag.org/lookup/doi/10.1126/science.aba3758"; ""
"The Energy and Carbon Footprint of the Global ICT and E&M Sectors 2010–2015"; "http://www.mdpi.com/2071-1050/10/9/3027"; ""
"ZOMBIE/COMATOSE SERVERS REDUX"; "http://anthesisgroup.com/zombie-servers-redux/"; ""
"Can cloud computing be labeled as “green”? Insights under an environmental accounting perspective"; "https://linkinghub.elsevier.com/retrieve/pii/S1364032116309170"; ""
"Moore’s Law and ICT Innovation in the Anthropocene"; "https://ieeexplore.ieee.org/document/9474110/"; ""
"Geamana, le village roumain enseveli au fond d’un lac poubelle"; "https://www.francetvinfo.fr/monde/environnement/grand-format-bienvenue-a-geamana-le-village-roumain-enseveli-au-fond-d-un-lac-poubelle_3472965.html"; ""
"Avec le vent, comment les Congolais vivent avec les mines et l’investissement étranger"; "https://vimeo.com/118502829"; ""
"Aluminium, notre poison quotidien"; "https://www.dailymotion.com/video/x2fobbm"; ""
"Plateaux numériques"; "https://plateaux-numeriques.fr/"; ""
"La Boussole des designers"; "https://medium.com/la-boussole-des-designers"; ""
"L’âge de l’Anthropocène, des origines aux effondrements"; "https://www.youtube.com/watch?v=NOEO_Gg-VAQ"; ""
"En veille sur le changement global"; "https://medium.com/anthropocene2050/en-veille-sur-le-changement-global-65-85004743f5f4"; ""
"Anthropocene et design"; "https://www.dezeen.com/tag/anthropocene/"; ""
"Atlas de l’Anthropocène"; "https://www.pressesdesciencespo.fr/en/book/?GCOI=27246100583500"; ""
"Can we solve the world’s most urgent problems?"; "https://www.wicked7.org/"; ""
"Matérialité du numérique et externalités minières"; "https://techologie.net/episodes/64-materialite-du-numerique-et-externalites-minieres/"; ""
"Les infiltrés"; "https://infiltres.fr/"; ""
"Systèmes extractifs et Environnements"; "https://www.systext.org/"; ""
"Matérialité du numérique et externalités minières"; "https://techologie.net/episodes/64-materialite-du-numerique-et-externalites-minieres/"; ""
"zero.brussels"; "https://zero.brussels/"; ""
"The world’s largest network and datacenter infrastructure atlas."; "https://www.infrapedia.com/app"; ""
"Surging Seas: Sea level rise analysis"; "https://sealevel.climatecentral.org/maps"; ""
"Submarine Cable Map"; "https://www.submarinecablemap.com/"; ""
"Place-based carbon calculator"; "https://www.carbon.place/"; ""
"Mapped: How climate change affects extreme weather around the world"; "https://www.carbonbrief.org/mapped-how-climate-change-affects-extreme-weather-around-the-world"; ""
"Internet Exchange Map"; "https://www.internetexchangemap.com/"; ""
"Interactive World Forest Map & Tree Cover Change Data | GFW"; "https://www.globalforestwatch.org/map/"; ""
"EJAtlas, mapping environmental justice"; "https://ejatlas.org/"; ""
"Datacenters World Map"; "https://map.datacente.rs/"; ""
"Carte des sabotages des antennes 5G"; "https://reporterre.net/Exclusif-la-carte-des-sabotages-des-antennes-5G"; ""
"Toile de câbles sous-marins et hubs sensibles"; "https://www.monde-diplomatique.fr/cartes/cables-sous-marins"; ""
"Activité Minière en France - uMap"; "https://umap.openstreetmap.fr/fr/map/panoramine-activite-miniere-en-france_542755#2/27.4/62.2"; ""
"Limites numériques"; "https://limitesnumeriques.fr/"; ""
"Design & Libre |"; "https://design-et-libre.frama.io/"; ""
"Code du Numérique"; "https://codedunumerique.be/"; ""
"Designing for Debate (Ph.D. thesis)"; "https://www.academia.edu/49265639/Designing_for_Debate_Ph_D_thesis_"; ""
"Designing for Debate (Ph.D. thesis)"; "https://www.academia.edu/49265639/Designing_for_Debate_Ph_D_thesis_"; ""
"Inclusion - Technologies - Human Interface Guidelines - Apple Developer"; "https://developer.apple.com/design/human-interface-guidelines/inclusion/overview"; ""
"Genre et temps de parole au parlement wallon"; "https://blog.robindevooght.be/posts/genre_au_parlement_wallon/"; ""
"Des ordis, des souris et des hommes - Les Couilles sur la table - Binge Audio"; "https://www.binge.audio/podcast/les-couilles-sur-la-table/des-ordis-des-souris-et-des-hommes/"; ""
"Décembre 2020 - Veille - Les Designers Éthiques"; "https://veille.designersethiques.org/2020-12.html"; ""
"[Article de recherche] Sexe, genre & Design – MarieValentine"; "https://marievalentine.fr/sexe-genre-design/"; ""
"Explorer les écosystèmes numériques dans un monde stabilisé à +2°C"; "https://gauthierroussilhe.com/"; ""
"Ask nature_a portal to the wisdom nature holds."; "https://asknature.org/strategy/plant-uses-scent-mimic-to-attract-dung-beetles/"; ""
"Origens Media Lab"; "https://origensmedialab.org/"; ""
"Le Wiki de Laurence Allard"; "https://culturesexpressives.fr/doku.php?id=accueil#nouvelles_entrees"; ""
"L’observatoire de l’anthropocène"; "https://obsant.eu/"; ""
"Design et industrie à l’ère de l’Anthropocène"; "https://journal.dampress.org/issues/design-industrie-anthropocene"; ""
"Conversations infiltrées - Les infiltrés"; "https://infiltres.fr/conversations-infiltrees/"; ""
"Anthropocène & design : les étudiants s’y intéressent."; "https://graphism.fr/anthropocene-design-les-etudiants-sy-interessent/"; ""
"The Accessible Social Checklist"; "https://www.accessible-social.com/checklist"; ""
"Écologie et Politique"; "https://www.livraddict.com/biblio/book.php?id=323508"; ""
"Ecosia – Le moteur de recherche qui plante des arbres"; "https://www.ecosia.org/?ref=icon-search&addon=firefox&addonversion=4.1.0"; ""
"Vers un stoïcisme vert, une discussion avec le philosophe Maël Goarzin."; "https://medium.com/anthropocene2050/vers-un-sto%C3%AFcisme-vert-une-discussion-avec-le-philosophe-ma%C3%ABl-goarzin-94f0eb4992a7"; ""
"Les Communs d’Abord"; "https://www.les-communs-dabord.org/"; ""
"L’esthétique de l’engagement écologique (pdf)"; "https://core.ac.uk/download/pdf/322978114.pdf"; ""
"The Politics of Design"; "http://thepoliticsofdesign.com/"; ""
"Code du Numérique"; "https://codedunumerique.be/"; ""
"RAB / BKO"; "http://www.reseaudesartsabruxelles.be/fr/"; ""
"Culture & Démocratie"; "https://www.cultureetdemocratie.be/"; ""
"Cesep – Centre Socialiste d’Education Permanente"; "https://www.cesep.be/"; ""
"PointCulture"; "https://www.pointculture.be/"; ""
"Association d’action et de réflexion autour de l’audiovisuel"; "https://gsara.be/"; ""
"L’Apocalypse à petits pas. Entretien avec l’historien Jean-Baptiste Fressoz."; "https://medium.com/anthropocene2050/lapocalypse-%C3%A0-petits-pas-entretien-avec-l-historien-jean-baptiste-fressoz-7451a3f1b355"; ""
"Fantasmes et fragments des bords de Seine. Sequana et les îles de Seine (Texte 2/2)."; "https://medium.com/anthropocene2050/fantasmes-et-fragments-des-bords-de-seine-sequana-et-les-%C3%AEles-de-seine-texte-2-2-59537929bd9e"; ""
"De l’histoire de l’environnement à la crise écologique contemporaine."; "https://medium.com/anthropocene2050/de-lhistoire-de-l-environnement-%C3%A0-la-crise-%C3%A9cologique-contemporaine-787397b37107"; ""
"Du droit des écosystèmes. Interview avec Thibault Faraüs."; "https://medium.com/anthropocene2050/du-droit-des-%C3%A9cosyst%C3%A8mes-interview-avec-thibault-fara%C3%BCs-49587bd7e98"; ""
"Construire la résilience alimentaire"; "https://medium.com/anthropocene2050/construire-la-r%C3%A9silience-alimentaire-92908b66b947"; ""
"La Boussole des designers – Medium"; "https://medium.com/la-boussole-des-designers"; ""
"L’esthétique, levier d’action pour l’engagement écologique : l’ethnographie d’un atelier de vélo communautaire"; "https://www.cairn.info/revue-sciences-du-design-2019-1-page-38.htm"; ""
"La maison du livre"; "https://www.lamaisondulivre.be/"; ""
"La Concertation ASBL"; "https://www.laconcertation-asbl.org/accueil/"; ""
"Practice Tools and Toolkits | Systemic Design Association"; "https://systemic-design.org/practice-tools-and-toolkits/"; ""
"The Politics of Design — About the Book"; "http://thepoliticsofdesign.com/about-the-book"; ""
"Numérique et environnement"; "https://github.com/supertanuki/numeriqueEcoResponsable"; ""
"Portail de collapsologie"; "https://www.collapsology.info/fr/"; ""
"Ce que le design a fait à l’Anthropocène, ce que l’Anthropocène fait au design"; "https://www.cairn.info/revue-sciences-du-design-2020-1-page-21.htm"; ""
"Observatoire de l’Anthropocène"; "https://obsant.eu/veille/"; ""
"Automatisation & design - Veille Février 2021 - Les Designers Éthiques"; "https://veille.designersethiques.org/2021-02.html"; ""
"2020-memoire-leopoldine-mennessier.pdf"; "https://attention.designersethiques.org/documents/2020-memoire-leopoldine-mennessier.pdf"; ""
"Designers Ethiques.org"; "https://designersethiques.org/"; ""
"Le musée du téléphone mobile"; "https://www.mobilephonemuseum.com/catalogue/"; ""
"Coopiteasy"; "https://coopiteasy.be/"; ""
"The Age of Anthropocene, from the origines to the collapses (2019 - Full version)"; "https://www.youtube.com/watch?v=NOEO_Gg-VAQ"; ""
"Des emoji accessibles"; "https://blog.hello-bokeh.fr/2020/07/23/des-emoji-accessibles/"; ""
"Littératie et illectronisme en France"; "https://blog.hello-bokeh.fr/2020/07/20/litteratie-et-illectronisme-en-france/"; ""
"Good Design Playbook | Des cartes situations"; "https://apf-conseil.com/good-design-playbook/methode/outil09/"; ""
"Le caractère typographique Luciole a été conçu spécifiquement pour les personnes malvoyantes"; "https://www.luciole-vision.com/luciole-vision.com"; ""
"Good Design Playbook | La roue d’accessibilité"; "https://apf-conseil.com/good-design-playbook/methode/outil18/"; ""
"Good Design Playbook | APF Conseil"; "https://apf-conseil.com/good-design-playbook/"; ""
"Tout savoir avec l’ABC de l’accessibilité numérique !"; "https://aveuglesdefrance.org/tout-savoir-avec-labc-de-laccessibilite-numerique/"; ""
"Le handicap, tout un symbole.pdf"; "https://vincent-valentin.name/presentations/Le%20handicap,%20tout%20un%20symbole.pdf"; ""
"Construire une carte accessible"; "https://blog.hello-bokeh.fr/2020/04/30/construire-une-carte-accessible/"; ""
"Concevoir des formulaires inclusifs"; "https://www.24joursdeweb.fr/2020/concevoir-des-formulaires-inclusifs/"; ""
"WordPress 5.6 : des changements visant à améliorer l’inclusivité de l’interface d’administration"; "https://fr.wordpress.org/2020/11/26/wordpress-5-6-des-changements-visant-a-ameliorer-linclusivite-de-linterface-dadministration/"; ""
"30 ans de web, mais toujours pas d’accessibilité"; "https://www.24joursdeweb.fr/2020/30-ans-de-web-mais-toujours-pas-d-accessibilite/"; ""
"Concevoir des sites et applications mobiles accessibles"; "https://blog.hello-bokeh.fr/2021/01/14/concevoir-des-sites-et-applications-mobiles-accessibles/"; ""
"Couleurs Pantone 2021 : travailler une palette accessible"; "https://www.creativejuiz.fr/blog/veille-graphique/couleurs-pantone-annee-2021-travailler-palette-accessible"; ""
"Français simplifié"; "https://blog.hello-bokeh.fr/2021/03/03/francais-simplifie/"; ""
"Système de Design de l’État"; "https://systeme-de-design.gouv.fr/"; ""
"Dark mode et accessibilité | nota-bene.org"; "http://nota-bene.org/Dark-mode-et-accessibilite"; ""
"Malentendants, ils témoignent sur la toile"; "https://www.lemessageur.com/malentendants-ils-temoignent-sur-la-toile/"; ""
"L’accessibilité numérique, un droit pour tous | Anne-Sophie Tranchet"; "https://apollinerouze.fr/accessibilite-numerique-anne-sophie-tranchet/"; ""
"Quelques personae - Recommandations accessibilité numérique Orange"; "https://a11y-guidelines.orange.com/fr/persona/"; ""
"Introduction to Web Accessibility"; "https://www.edx.org/course/web-accessibility-introduction"; ""
"Alt-texts: The Ultimate Guide"; "https://axesslab.com/alt-texts/"; ""
"Journée de sensibilisation à l’accessibilité (GAAD)"; "https://www.youtube.com/watch?v=1DlAxHKh3PQ"; ""
"Accessibilité et Éco-conception"; "https://bertrandkeller.info/2021/10/06/accessibilite-eco-conception/"; ""
"Écoconception : classement des sites des candidats à la présidentielle 2022"; "https://www.temesis.com/blog/ecoconception-classement-des-sites-des-candidats-a-la-presidentielle-2022/"; ""
"NVDA : Un lecteur d’écran libre et gratuit pour Microsoft Windows 7, Windows 8.1, Windows 10 et Windows 11."; "https://www.nvda-fr.org/article.php?id=21"; ""
"Miro accessibility features for screen reader users"; "https://help.miro.com/hc/en-us/articles/4403828752274-Miro-accessibility-features-for-screen-reader-users"; ""
"Planning, creating and publishing accessible social media campaigns"; "https://gcs.civilservice.gov.uk/guidance/digital-communication/planning-creating-and-publishing-accessible-social-media-campaigns/"; ""
"The 2020 Web Almanac: Accessibility"; "https://almanac.httparchive.org/en/2020/accessibility"; ""
"A curated list of inclusivity: companies that we applaud - Namahn"; "https://www.namahn.com/a-curated-list-of-inclusivity-companies-that-we-applaud/,%20https://www.namahn.com/a-curated-list-of-inclusivity-companies-that-we-applaud/"; ""
"Liste des sites qui recevront des audits d’accessibilité en 2021 - Belgian Web Accessibility"; "https://accessibility.belgium.be/fr/actualites/liste-des-sites-qui-recevront-des-audits-daccessibilite-en-2021"; ""
"Formation - AnySurfer"; "https://www.anysurfer.be/fr/services/formation/formation/developper-un-site-accessible-03-05-2021"; ""
"DesignGouv présente son jeu de l’oaa"; "https://design.numerique.gouv.fr/accessibilite-numerique/jeu-de-oaa/"; ""
"Le Comptoir du 26/11 : L’accessibilité en agilité (retour d’expérience sur Île-de-France Mobilités)"; "https://blog.octo.com/le-comptoir-octo-laccessibilite-en-agilite-retour-dexperience-sur-ile-de-france-mobilites/"; ""
"Eqla"; "https://eqla.be/"; ""
"RAB / BKO"; "https://rabbko.be/fr/"; ""
"Le design, une cosmologie sans monde face à l’Anthropocène"; "https://www.cairn.info/revue-sciences-du-design-2019-2-page-97.htm"; ""
"Du low-tech numérique aux numériques situés"; "https://www.cairn.info/revue-sciences-du-design-2020-1-page-91.htm"; ""
"Home - Designers Ethiques.org"; "https://designersethiques.org/"; ""
"Le design, une cosmologie sans monde face à l’Anthropocène"; "https://www.cairn.info/revue-sciences-du-design-2019-2-page-97.htm"; ""
"Entretiens / Podcast"; "https://origensmedialab.org/origens-media-lab/entretiens-podcast/"; ""
"Design Accessible"; "https://design-accessible.fr/"; ""
"The practice of inclusive design-Videos"; "https://developer.apple.com/videos/play/wwdc2021/10275/"; ""
"L’annuaire des communs – Pour travailler en commun"; "https://annuaire.lescommuns.org/"; ""
"Introduction · HonKit"; "https://gauthierroussilhe.com/book/treebal/"; ""
"Working for a brighter, healthier future: how WHO improves health and promotes well-being for the world’s adolescents"; "https://apps.who.int/iris/handle/10665/351088"; ""
"The Politics of Design: A (Not So) Global Design Manual for Visual Communication"; "http://thepoliticsofdesign.com/about-the-book"; ""
"Climat, GIEC et intersectionnalité : un cadre d’analyse indispensable"; "https://climatanthropocene.com/2022/01/25/climat-giec-intersectionnalite/"; ""
"Cards for Humanity"; "https://cardsforhumanity.idean.com/"; ""
"Awful AI"; "https://github.com/daviddao/awful-ai"; ""
"Pour une écologie de l’attention"; "http://banq.pretnumerique.ca/accueil/isbn/9782021181449"; ""
"À Propos"; "https://www.imal.org/fr/a-propos"; ""
"Kerko"; "https://github.com/whiskyechobravo/kerko"; ""
"Articles | PointCulture"; "https://www.pointculture.be/magazine/articles/?tag=13894&content=video"; ""
"Internet Exchange Map"; "https://www.internetexchangemap.com/"; ""
"Pour une sociologie du télétravail ancrée dans les organisations"; "https://www.cairn.info/revue-sociologies-pratiques-2021-2-page-1.htm"; ""
"plugins [Zotero Documentation]"; "https://www.zotero.org/support/plugins"; ""
"Submarine Cable Map"; "https://www.submarinecablemap.com/"